Company Name,TIN Number,Partners Name,Date Delivered,Account Executive,Remarks,,
2 WS BUILDING ADMINISTRATION INC,006-997-801-000,Micro Pacific,11/15/13,BAA,First Oceanic Group of Companies - Hard to collect due to long processing,,
8UM BUILDING ADMINISTRATION INC,007-301-224-000,Micro Pacific,10/11/13,BAA,First Oceanic Group of Companies - Hard to collect due to long processing,,
AAI LOGISTICS CARGO EXPRESS INC.,009-228-614,MicroPhase,11/30/20,ENG'G,No Funds (P38K only). Requesting to pay in kind or services,,
ABC 5,000-430-214,Micro Image,9/16/04,ACC,,,
ABOITIZ LOGISTICS,000-311-023-VAT,Micro Pacific,10/25/04,DRA,,,
ABS-CBN PUBLISHING,NOT IN FILE,Micro Image,12/12/01,MPS,,,
ACA VIDEO AND LASER TECH,NOT IN FILE,Micro Image,11/22/01,RMR,,,
ACTIMED INC,006-889-938-000,Micro Pacific,2/8/21,SBE,Very hard to follow up & collect.,,
AD SYSTEMS/SYSTEMAT,NOT IN FILE,Micro Image,9/28/99,SMD,,,
ADRIAN COMPUTERS,NOT IN FILE,Micro Image,2/7/02,ENGR,,,
AEIGHT PACIFIC CORPORATION,007-154-326,MicroPhase,11/17/12,Maricel,"Amount is only P25,000 and until now they are waiting for funds. Definitely hard to collect.",,
AEONPRIME LAND DEVELOPMENT CORP,426-886-661-000,Micro Pacific,10/29/21,WTT,Very hard to follow up & collect / long processing of payment,,
AGRARIAN REFORM,NOT IN FILE,MicroPhase,10/30/01,ENGR,,,
AGUILA GROUP,005-120-729-000,MicroPhase,01/31/09,BEL,"AMOUNT IS ONLY P2,000. REQUESTED TO RE-SCHEDULE DEPOSIT OF THEIR PDC 1 MONTH LATER BUT STILL BOUNCED ON REQUESTED DATE.  WILL REPLACE W/ CASH TODAY 02/03/09",,
AIR FREIGHT,NOT IN FILE,Micro Image,9/3/03,MCG,Paid but hard to collect,,
AIR PHILIPPINES,004-510-299-000,Micro Pacific,7/26/06,JCB,Paid but hard to follow up payment with problem on funding-always for schedule releasing,,
ALEX DIOMAMPO (Akem),NOT IN FILE,Micro Image,7/26/01,Eden,,,
ALPHA FORCE SECURITY AGENCY INC,006-739-617-000,Micro Pacific,9/20/13,JRC,Group of Companies - Hard to collect due to funding of payment schedule,,
ALPHALAND BALESIN ISLAND RESORT CORP,006-739-617-000,Micro Pacific,11/15/13,JRC,Group of Companies - Hard to collect due to funding of payment schedule,,
ALPHALAND DEVELOPMENT INC,006-739-617-000,Micro Pacific,11/21/13,JRC,Group of Companies - Hard to collect due to funding of payment schedule,,
ALPHALAND MARINA CORPORATION,006-739-617-000,Micro Pacific,9/20/13,JRC,Group of Companies - Hard to collect due to funding of payment schedule,,
ALUMINATES PHILS.,NOT IN FILE,Micro Image,5/3/01,RMP,,,
AMA COMPUTER,NOT IN FILE,Micro Pacific,11/1/99,KRB,,,
A-NETWORKING,178-664-390-000,Micro Image,6/30/04,AMR,Charge to A/E - relative,,
APEIRON,007-600-070-000,Micro Image,11/21/11,JSB,ROLANDO GO WAS SWINDLED BY HIS PARTNER ROBERT G. ANG…..APEIRON IS SERVICE PARTNER OF HP,,
"APEX NET, INC./ KMC MAG SOLUTIONS INC.",010-318-998-000,Micro Image,8/5/19,EPS,Group of Companies - Hard to collect even if amount is too small ; dependent on their clients payment,,
AQUA BORACAY HOTEL AND RESORT INCORPORATED,007-081-564-000,Micro Pacific,2/28/20,ACO,Hard to collect / AE has already coordinated this issue with the right contact person but to no avail.,,
AQUA TREATMENT,NOT IN FILE,Micro Pacific,6/22/01,JLC,,,
ARANETA GROUP/ACI INC,000-396-225-000,Micro Pacific,3/10/20,SDB,"Hard to collect, contact and has a long procedure with regards to payment.",,
ARANETA HOTELS INC,006-875-885-000,Micro Pacific,5/3/21,SBE,Hard to collect / once a month collection due to skeletal schedule ( GCQ),,
ARCH HAUS DESIGN AND PRODUCTION CO.,008-793-017-000,MicroPhase,8/31/16,DLG,"HARD TO COLLECT; RELEASED ON 08/31 ONLY 20% OF THE TOTAL OVERDUE, BALANCE IS STILL FOR FOLLOW UP FOR THIS MONTH",,
ARMAND CAJAYON,NOT IN FILE,MicroPhase,9/24/01,ONIN,,,
ASIA POS MAXX,NOT IN FILE,Micro Pacific,1/3/02,EDJ,,,
ASIA TYPE,000-154-774-000,Micro Image,12/19/06,KCS,"105 days already and yet still hard to collect (P25,900)",,
ASIAN TERMINAL,000-132-413-000,Micro Image,10/1/04,JMD,Paid but hard to collect,,
ASSI,NOT IN FILE,MicroPhase,8/10/01,ENGR,,,
ASSURANT BPO SOLUTIONS INC,008-178-985-000,Micro Pacific,11/27/12,APC,"Hard to collect - 30days term  120days due. Issued PDC's check until April 30,2013 ",,
ASTECH PHILS.,225-061-418-000,Micro Image,9/30/04,NRB,Paid but more than 60 days terms,,
ATLANTIC GULF AND PACIFIC CO OF MLA,000-155-905-000,Micro Pacific,7/7/18,CMZ,Hard to collect /No problem with docs but always fall over 60days of payment,,
ATLAS COPCO PHILS. INC.,000-412-606-000,Micro Pacific,11/18/04,CDH,,,
"AVENTUS MEDICAL CARE, INC.",007-240-516-000,Micro Pacific,2/20/23,AAA,100days overdue  - Hard to collect-,,
AYALA LAND,000-153-790-000,Micro Pacific,3/22/05,MBQ,Paid but hard to follow up and collect,,
BANZON LAW OFFICE,NOT IN FILE,NONE,NONE,NONE,CAN NOT PAY THEIR MONTHLY DUES AT LEGASPI SUITES FOR 2 YEARS ALREADY,,
BAR,NOT IN FILE,Micro Pacific,1/28/02,EAO,,,
BAX GLOBAL,NOT IN FILE,Micro Pacific,1/23/02,EVO,,,
BC NET,227-573-387-000,MicroPhase,10/10/12,SHEILA,"No funds. Very Small amount of P10,000++ only.",,
BELL TELECOM,NOT IN FILE,Micro Pacific,1/9/02,EVO,,,
BENHUR C. LAWIS c/o AFPSLAI,NOT IN FILE,MicroPhase,8/31/01,ARLEE,,,
BERKMAN,205-515-715-000,MicroPhase,6/30/08,REA,Has difficulty to pay,,
BEST CHUM,001-779-073,MicroPhase,12/18/06,Mariz,Hard to Collect,,
BF CORPORATION,043-000-096-271,MicroPhase,4/1/11,MANDY,No funds. This is Bayani Corporation sister company BF Metals still be able to pay. But proceed with caution.,,
BFD VENTURES,222-471-487-000,MicroPhase,5/31/10,Geralyn,Bounced check. Promise to pay partially.,,
BIG LEAD,NOT IN FILE,MicroPhase,4/30/10,Jay,"Bounced Check. According to client their company was used, manipulated and fooled by Bet Diaz formerly President of Virtuality.",,
BMP INTERNATIONAL,225-334-890,MicroPhase,4/30/07,Carlo,BOUNCED CHECK WILL PROMISE TO PAY IN CASH,,
BRIDGEWAY COMMUNICATION SYSTEM INC.,007-898-219-000,Micro Pacific,2/26/14,CPT,Bounced check - Still for collection,,
BRIGHTPOINT,005-202-014-000,Micro Pacific,11/4/04,RGP,,,
BRITTANY CORPORATION,001-702-316-000,Micro Pacific,3/10/17,ASS,"Original invoice was misplaced by client .  They are also hard to contact,   we sent  CTC copy but still on process at its already more than 100 days",,
BROADBAND,004-514-945-000,Micro Image,9/30/04,AMR,Staggered payment but willing to pay interest,,
BUREAU VERITAS SA,003-463-419-000,Micro Pacific,12/13/19,JAV,HARD TO COLLECT - LONG PROCESSING OF PAYMENT,,
CABALEN,004-742-622,Micro Pacific,11/5/04,RGA,,,
CAINE & OLSWICK INC.,233-470-716-000,Micro Pacific,12/1/04,MML,,,
CALBAYOG,NOT IN FILE,Micro Image,4/24/04,JVG,,,
CALYPSO,206-753-904-000,NONE,NONE,NONE,CAN NOT PAY THEIR MONTHLY DUES AT LEGASPI SUITES FOR 1 YEAR ALREADY,,
CB RICHARD ELLIS,201-626-570-000,MicroPhase,3/15/05,JIMMY,HARD TO COLLECT,,
CCP,000-359-120-000,Micro Image,12/9/10,JMS,HARD TO COLLECT,,
CELLPAWNSHOP,NOT IN FILE,Thru WSI,11/21/08,NA,Big time Swindler,,
CENTURY OFFICE EQUIPMENT TRADING,181-453-252-000,Micro Pacific,10/4/16,JRD,Requested extension of PDC check for another 5 days. After 5 days replacement check bounced due to Insufficient Fund,,
CENTURY PROPERTY,NOT IN FILE,Micro Pacific,10/19/01,KRB,,,
CEVERA TECHNOLOGY GROUP,221-652-537-000,MicroPhase,1/31/07,JIMMY,NO FUNDS ,,
CGO GENERAL MERCHANDISE,238-628-249-000,MicroPhase,10/31/05,CORA,NO MONEY,,
CHE CORP.,NOT IN FILE,Micro Pacific,1/24/02,EDJ,,,
CIGI,NOT IN FILE,MicroPhase,8/25/00,JOSEPH,,,
CINERGI INDUSTRIAL SOLUTIONS INC,008-440-732-001,Micro Pacific,1/1/18,JBL,Pending payment due to Funding. They based on their collection for payment. Client sent as proposal of payment.,,
CIRCULAR PARADIGM FASHION INC ,009-126-290-000,Micro Pacific,6/25/21,IDR,Hard to Collect / Problem of Funding due to Pandemic,,
CIS MERALCO,NOT IN FILE,Micro Image,12/18/01,RVB,,,
CITICORP,NOT IN FILE,MicroPhase,11/8/01,JEAN,,,
CITIHOMES BUILDER AND DEVELOPMENT  INC.,000-444-767-000,Micro Pacific,3/26/09,CDN,Paid but hard to collect because of problem on funding.,,
"CITYSTATE TOWER HOTEL, INC.",005-340-474-000,Micro Pacific,3/9/09,CAC,"Hard to follow up, not yet paid because of problem on P.O.",,
CJT BUILDERS,207-079-573-000,MicroPhase,3/31/11,MARIFE,"With 2 histories of bouncing checks. Still cannot settle the last check of P11,707.50 until today.",,
C-LOGIC,NOT IN FILE,MicroPhase,1/28/00,ETHEL,,,
COGNITIVE IT SOLUTIONS,243-685-434-000,MicroPhase,7/31/12,MIGGY,Returned Checks - Company is about to close because the GM and Finance Manager embezzeled the funds.,,
CONSOLIDATED DISTILLERS,NOT IN FILE,Micro Image,1/10/05,NRB,Paid but hard to collect,,
COPYLANDIA,NOT IN FILE,MicroPhase,10/10/01,ENGR,,,
CROWN ASIA,NOT IN FILE,MicroPhase,11/28/01,ENGR,,,
CROWN SYSTEM,228-843-754-000,MicroPhase,3/15/05,JOY UY,HARD TO COLLECT,,
CULTURAL CENTER OF THE PHILS,NOT IN FILE,Micro Image,1/31/01,RMR,Paid but hard to collect,,
CV COM COMPUTERS,161-006-954-000,Micro Image,1/2/03,ERB,,,
DAELO COMTECH,232-324-075-000,MicroPhase,8/31/07,MIKE,"ISSUED BOUNCING CHECK - P200,000.00.  DEPOSITED ONLY P100,000.00, NO DEFINITE DATE OF COMPLETION OF PAYMENT",,
DANZAS INTERCON,NOT IN FILE,MicroPhase,1/28/02,JANE,,,
DATACRAFT OPSIS,NOT IN FILE,MicroPhase,12/1/04,MARIFE,,,
DATEM CONST.,NOT IN FILE,Micro Pacific,6/21/01,RGS,,,
DDC LAND,001-698-821-000,Micro Pacific,12/20/12,PJP,Paid but hard to collect because of funding,,
DEPT OF FOREIGN AFFAIRS,330-000-791-456,Micro Pacific,12/14/01,EDJ,,,
DEPT OF HEALTH,NOT IN FILE,Micro Pacific,1/18/02,BMP,,,
DERM PHARMA,NOT IN FILE,Micro Image,6/23/03,AER,Paid but hard to collect,,
DESIGN SCIENCE,NOT IN FILE,Micro Image,11/27/00,ACB,Paid but hard to collect,,
DIRECT WITH HOTELS,254-972-777-000,Micro Image,2/5/20,TAJ,"International company but will close and process legally ; TAJ already resolved overdue A/R of P5,880.00 (memory)",,
DISC Q TECH,NOT IN FILE,MicroPhase,12/1/04,RIZA,,,
DIVERSIFIED SOLUTIONS,226-620-286-000,MicroPhase,2/1/05,MITCH,REQUESTED 6 MONTHS STAGGARED PAYMENT,,
DM CONSUNJI,000-341-915-000,Micro Pacific,6/9/05,JPS,Paid but hard to follow up-Acctng based counting for terms once invoice forwarded to them-not considering the date of delivery.,,
DON BOSCO TECHNICAL INSTITUTE,000-450-347,Micro Pacific,7/5/06,JCB,Hard to follow up always overdue- still cannot commit when to start processing of payment-docs are still on queue for processing,,
DOWELL CONTAINER,NOT IN FILE,Micro Image,10/23/01,JCA,Paid but hard to collect,,
DOWNTOWN INTERNET CAFÉ,NOT IN FILE,Micro Image,8/7/06,JVG,Partially paid; Remittance of payment from his partner abroad was delayed,,
DRAGONHART CONSTRUCTION ENT. INC.,233-083-967-00000,Micro Image,4/4/23,ABG,"Client is RCBC Leasing & Finance Corporation leased to Dragonhart Construction Enterprises, Inc. fully paid by RCBC but Dragonhart has unreasonable demands and filed for legal case claims so please beware of this client",,
DRUGMAKERS LABORATORIES INC.,000-409-618-000,Micro Pacific,3/2/06,MML,Hard to follow up-waiting for their remittance before scheduling the process of payment-long processing-not yet settle until now,,
DUTY FREE PHILS,NOT IN FILE,Micro Pacific,11/28/01,EAO,,,
DYNATECH,NOT IN FILE,NORTHGATE,11/1/05,GREEDY BOY,Regional Office hold all payables and possible closure due to HUGE under the table transaction discovered,,
EAST BAY RESORT,234-854-592-000,Micro Image,12/16/05, JCA ,Hard to collect ; their overused alibi is LOST INVOICE everytime it's due for collection so we always have to issue certified true copy.,,
EASTMART TECHNOLOGY INNOVATORS INC.,010-331-563-000,Micro Image,1/31/23, SOM ,Client  is cooperative but their cash flow is tight due to collectibles from govt. accounts PDEA & QC LGU,,
EBDI,208-323-723-000,Micro Image,8/4/10, RTC ,Client paid partially /Hard to collect because their client LTO has not paid them yet.,,
ED MESIA/EMERALD GARMENTS,008-013-008-000,Micro Image,10/30/18, JMS ,Payment delayed for almost one year due to client problem (space unavailability). Did not conforme with the terms of payment.,,
ELECTRO SYSTEM INDUSTRIES,000-160-431-000,Micro Image,3/28/11,JTO,HARD TO COLLECT,,
"ELECTROBUS CONSOLIDATED, INC",301-000-390-809,Micro Pacific,3/10/09,CDN,Their check bounced and closed their bank account. Check was not yet replaced as of May 04.,,
EMILIO AGUINALDO,NOT IN FILE,MicroPhase,4/16/01,JOSEPH,,,
EMPIRE EAST LAND HOLDINGS,003-942-108,Micro Image,10/14/04,NRB,109 days still unpaid,,
ENERGY & AVIATION,NOT IN FILE,MicroPhase,2/1/03,JIMMY,,,
ENERGY WORLD PHILIPPINES INC,202-620-904-000,Micro Pacific,1/24/17,CPT,Long term of processing of payment due to signatories based from Hongkong,,
"ENERTECH SYSTEMS INDUSTRIES, INC.",000-372-708-VAT,Micro Pacific,11/17/04,ENG'G,Hard to collect,,
ENVIRONMENTAL COMPLIANCE CONSULTANTS INTL CORP - ECCI,005-342-522-000,Micro Pacific,12/27/17,CMZ,Problem on Funding - Client send a letter proposal for staggered payment ,,
ENV'T COLLABORATIVE,NOT IN FILE,MicroPhase,11/23/01,JOSEPH,,,
EON (EVENTS ORGANIZER NETWORK) INC.,201-342-441-000,Micro Pacific,5/15/17,SAR,Hard to collect due to long processing,,
ERGO  CONTRACTS PHILS INC,003-925-308-000,Micro Pacific,5/3/17,ACO/ELC/RBP,Hard to collect - Always for signature - Checks already processed but it takes up to 1 mon after due date to sign,,
ESCA,000-158-672-000,Micro Image,10/7/05, JCA ,Not complying with payment terms,,
EUGENIO CO aka Eugenio Ibanez,NOT IN FILE,Thru WSI,11/21/08,NA,Big time Swindler,,
EUROPEAN CHAMBER OF COMM.,NOT IN FILE,MicroPhase,3/1/03,JOSEPH,,,
EVER GROUP,NOT IN FILE,MicroPhase,5/16/01,JOSEPH,,,
EVI DISTRIBUTION INC,219-155-811-000,Micro Pacific,7/20/20,JGS,Hard to collect / Long processing of payment - 102days due,,
EVOLUTION WELLNESS PHILIPPINES INC,201-135-912-000,Micro Pacific,3/10/20,SDB,Long processing of payment / Strictly based on counter date - overdue 234days,,
EXCELLENT INFO,NOT IN FILE,MicroPhase,1/1/03,JOSEPH,,,
EXDECON DESIGN AND CONSTRUCTION,920-985-609-000,Micro Pacific,8/8/13,FTO,"Bounced Check. Still for Collection, waiting for fund",,
EXIST EXHIBIT SYSTEMS TECH COR,244-418-835-000,Micro Pacific,4/30/15,LMF,Check bounced twice due to insufficient fund and paid only last 06/19. ,,
EXPERIENTAL COMMUNICATIONS INTEGRATING TRADE AND EVENTS INC ( EXCITE INC ),237-048-548-000,Micro Pacific,2/10/16,JRC,Very hard to collect -  staggered payment not all overdue released /confirmation of collection Friday 4:00pm only  then collection time 4:30 to 6pm only/ Always need special collector/standby collector - Run from Makati to Quezon City or the standby collector will wait for the confirmation.,,
EXPERTELLIGENT ,NOT IN FILE,MicroPhase,5/26/00,ETHEL,,,
EXPRESSION PAPER,290-000-840-766,Micro Pacific,8/13/04,RRL,,,
F2 LOGISTICS PHILIPPINES INC,245-477-210-000,Micro Pacific,2/4/16,SAR,Very hard to collect - always on process / 1 invoice per week / every other week,,
"FABMIK CONSTRUCTION & EQUIPMENT CO., INC.",005-648-607-000,MicroPhase,12/31/16,DOS,"Amount of A/R is P105,100.00. Only P30,000 paid only. Still waiting for funds. Supervisor and AE will demand to Client to pay P10,000 weekly until it will be settled.",,
FEDDERS KOPPEL INC,000-409-482-000,Micro Pacific,3/17/05,RSG,Paid but hard to collect because of funding,,
FEDERAL LAND,005-029-196-000,Micro Pacific,1/31/05,EAO,Hard to collect,,
FEDEX,NOT IN FILE,Micro Image,10/25/00,JVG,Paid but hard to collect,,
FF CRUZ,NOT IN FILE,MicroPhase,12/1/04,JOY,,,
FHI TB INNOVATIONS AND HEALTH SYSTEMS STRENTHENING PROJECT/PHILS.,212-503-913-000,Micro Image,7/3/20,PDC,"Feedback from UK taking too long to collect P60,000 …. Used to be a good account and payor before.",,
FILINVEST LAND,000-533-224-000,Micro Pacific,10/6/04,EEC,Paid but hard to collect,,
FINECO MANAGEMENT CORP,008-551-229-001,Micro Pacific,4/30/16,CAD,Unreleased check due to lack of fund,,
FIRST PHILEC SOLAR CORP,006-901-402,MicroPhase,9/30/12,Crisbelle,Company have temporarily stop their operations. They will resume their operation this November according to them.,,
FIRST PILIPINAS POWER & AUTOMATION INC,007-009-051-000,Micro Pacific,9/20/16,RZB,1st check bounced then replaced. Replacement check bounced again twice due insufficient fund,,
FISHER ROSEMOUNT ,231-292-492-000,Micro Image,9/7/04,NRB,Paid but more than 60 days terms /affiliate of Astech,,
FNSP PHILS.,NOT IN FILE,Micro Pacific,1/23/02,KRB,,,
FORD EDSA,004-632-072-000,Micro Pacific,10/5/04,EAO,Paid but hard to collect,,
FORD MAKATI,NOT IN FILE,Micro Pacific,11/22/01,CSJ,,,
FORD SHAW,228-362-547-000,Micro Pacific,10/5/04,EAO,Paid but hard to collect,,
FOXRUN,NOT IN FILE,Micro Image,7/16/01,ERB,,,
"FURNITALIA GRUPPO MOBILI, INC.",213-677-574-000,Micro Pacific,8/31/07,RRL,Hard to follow up still for process with AP-carren,,
GAGELZ INTERNET CAFÉ,240-589-479-000 ,MicroPhase,09/30/09,REA,ISSUED A PDC AFTER ACCT. BECAME LONG OVERDUE AND THEN REQUESTED TO MOVE DEPOSIT OF THE CHECK BUT STILL BOUNCED UPON DEPOSIT.,,
GALEO SOUTH PACIFIC LIMITED,501-000-343,Micro Pacific,4/30/19,CDN,BOUNCED CHECK,,
G-COSMOS,NOT IN FILE,MicroPhase,10/16/01,ARN,,,
GENERAL ELECTRIC PHILS INC,000-121-766-000,Micro Pacific,7/6/06,KAB,Always late payment-Pending to contact person who is on leave for almost 2months still do not forward docs to accntg,,
GENERAL MILLING,NOT IN FILE,MicroPhase,12/19/01,ARLEE,,,
GERRY'S GRILL GROUP OF RESTAURANTS,005-139-780-000,Micro Pacific,2/9/05,EAO,Hard to collect,,
GMA 7,NOT IN FILE,Micro Image,11/10/00,ACC,Paid but hard to collect,,
GOLDEN HANA CORPORATION,007-239-338-000,MicroPhase,3/27/14,ROWENA,BOUNCED CHECK AND NO REPLACEMENT UNTIL NOW.,,
GOODYEAR,NOT IN FILE,Micro Image,10/16/01,JVG,Paid but hard to collect,,
GREEN FUTURE INNOVATIONS INC,006-922-063-000,Micro Pacific,1/30/19,SBE,PAID BUT HARD TO COLLECT - PENDING DUE TO DOCUMENTS PROCESSED FROM THEIR PROVINCIAL BRANCH,,
GREENFIELD DEVELOPMENT CORPORATION,000-122-954-000,Micro Pacific,6/5/15,ELC,Very hard to follow up & collect.,,
GREENSTONE RESOURCES CORPORATION,223-913-563-000,Micro Pacific,5/24/23,MTU,HARD TO COLLECT,,
GRID FINANCIAL,007-321-776-000,Micro Image,11/4/10,CMN,Tight cash flow because Grid Financial did not agree on the exchange rate of their client in Sudan Africa.,,
GROUP 4 FALCK PHILS,208-631-080,Micro Pacific,2/25/05,EEC,Paid but hard to collect because of funding,,
GROUP 4 SYSTEMS,005-376-058,Micro Pacific,2/11/05,EEC,Hard to collect,,
GROUP 5 AUDIO VISUAL SYSTEMS CORPORATION,005-340-352-000,Micro Pacific,4/30/19,SDB,BOUNCED CHECK - TWICE,,
GROUP OF COMPANIES - GLOBAL-ESTATE RESORTS INC ,000-426-523-000,Micro Pacific,9/12/18,JMB,Group of Companies - 233days - Super hard to collect. Even w/ check already still waiting for release due to Internal requirements of procurement and not allowed to follow up directly to their accounting. ,,
GTVL,NOT IN FILE,Micro Pacific,10/29/01,RCS,,,
GU TRADING (GIO M GIO),900-241-760-000,Micro Image,7/12/10,ENGR/HNH,"Paid partially, with PDC but Hard to collect",,
HEALTHWAY,211-577-944-000,Micro Image,6/26/01,RMR,,,
HEALTHY  FAMILY PURIFIED DRINKING WATER/MANILA WATER TOTAL SOLUTIONS,007-092-956-000,Micro Pacific,,SAR,"Unauthorized transaction by their Purchasing Officer,  Hyasmin Villanueva",,
HERTFORD CONSULTING,211-577-944-000,Micro Image,1/25/06,CCS,Long wait for International Funding,,
IASIA ,005-575-616-000,Micro Image,1/12/05,ACC,FS is okay to banks but account is shaky…No more outstanding with us,,
IBC 13,NOT IN FILE,Micro Image,12/19/00,AIC,,,
IBM PLAZA CONDOMINUM ASSOCIATION INC,210-456-904-000,Micro Pacific,10/10/13,BAA,First Oceanic Group of Companies - Hard to collect due to long processing,,
ICCP VENTURES PARTNERS INC - GROUP OF COMPANIES ( ICCP / ICCP VENTURES / PUEBLO DE ORO,000-160-933-000,Micro Pacific,5/2/19,JCN,30DAYS TERM - 63DAYS DUE - HARD TO COLLECT / STAGGERED PAYMENT,,
ILOILO PDS AND LABORATORY CENTER INC,009-664-554-000,Micro Pacific,11/21/18,JPL,Bounced due to DAIF (Drawn Against Insufficient Fund),,
INTELLIGENT BEAUTY SKIN SOLUTIONS INC.  /  Genevie Coniconde Sarian  ( Purchaser),007-275-825-000,Micro Pacific,7/9/24,KCM,ICT staff used Belo's PO for her personal order and resale it to Vira Mall clients,,
IMART,NOT IN FILE,MicroPhase,6/1/03,HYDEE,,,
IMMEQUIRE,NOT IN FILE,MicroPhase,12/1/02,ONIN,,,
INDORAMA VENTURES PACKAGING (PHILIPPINES) CORP,008-628-821-000,Micro Pacific,3/22/23,DFB,84days overdue  -Hard to collect,,
INFORMATICS -HEAD OFC,NOT IN FILE,Micro Pacific,4/25/01,RCA,,,
INFOSCAPE,NOT IN FILE,Micro Image,4/26/01,RMP,Paid but hard to collect,,
INFOTECH,NOT IN FILE,Micro Image,12/11/00,AIC,Paid but hard to collect,,
"INK FOR LESS PRO SERVICES, INC./ INK FOR LESS/ PRINTER FOR LESS",007-339-688-000,Micro Pacific,03/22/11,ABM,PDC 30 TRANSACTION BUT CLIENT CLAIMED FOR 30 DAYS TERMS. VERY HARD TO FOLLOW UP,,
INSTANT PC,189-300-752-000,MicroPhase,12/3/04,MICHELLE,Hard to collect,,
INTEGRATED AUTOMATION AND CONTROL SOLUTIONS INC,007-144-987-000,Micro Pacific,7/18/19,ACO,30days term - 102days overdue  due to funding,,
INTERNATIONAL GRADUATE SCHOOL OF LEADERSHIP,002-276-082-000,Micro Pacific,11/11/14,MDP,INSUFFICIENT FUND due to old check account issued  ( check re-deposit ),,
INTEX HOLDINGS CORPORATION,005-026-839-000,Micro Pacific,3/2/06,CDH,Very very hard to follow up-always hung me on the line-w/ problem on funding-always for sign check,,
INVESTMENT AND CAPITAL CORPORATION OF THE PHILS - GROUP OF COMPANIES ( ICCP / ICCP VENTURES / PUEBLO DE ORO,006-507-023-000,Micro Pacific,2/27/19,JCN,30DAYS TERM - 127DAYS DUE - HARD TO COLLECT / STAGGERED PAYMENT,,
IP ENTERPRISE,NOT IN FILE,Micro Pacific,5/30/01,KRB,,,
I-SYSTEMS,214-97-463-000,Microphase,4/1/11,Marilyn,Hard to Collect. Sister company of Electrosystem and Jaguar Phils.,,
IT PLUS NET COMPUTER,161-061-595-000,Micro Image,4/30/07,AMS,Partially paid; Experiencing tight cash flow ; Owned by Weng Villanueva - former employee of Micro Image & Micro Pacific),,
IT WORKS,NOT IN FILE,Micro Image,10/26/01,JVG,,,
ITECH,NOT IN FILE,MicroPhase,6/1/02,WHALO,,,
ITOUCHPOINT,219-927-355,Micro Pacific,8/20/04,MVC,Paid but hard to collect because of funding,,
J & L ELECT,NOT IN FILE,MicroPhase,5/2/00,AVIC,,,
JARL ENTERPRISE,NOT IN FILE,Micro Pacific,2/23/01,KRB,,,
JAVLON INTL. PHILS,NOT IN FILE,Micro Image,7/31/00,LAA,,,
JCMB,304-812-224-000,Micro Image,2/20/03,OMP,,,
JGR COMPUTER & CAD CENTER,149-897-407-000,Micro Image,2/14/05,RTC,"Paid PDC check for deposit July 9,2005",,
JIGS JUQUINA/MFI,NOT IN FILE,Micro Image,12/14/01,ENG,,,
JOHN GLOBO TRADE DEV'T. CORP.,252-134-610-000,Micro Image,10/26/07,ADU,Company name used by Syndicates,,
KEDU INTERNET CAFÉ,233-343-697-000,Micro Image,6/9/06,RMN,Habitual issuance of Bouncing Checks (DAIF and Closed Account),,
KEDU ROLLING GOODS TRADING,233-343-697-000,Micro Image,6/9/06,RMN,Habitual issuance of Bouncing Checks (DAIF and Closed Account),,
KEPCO ILIJAN CORPORATION,005-578-576-000,Micro Pacific,4/15/05,RGP,Paid but hard to follow up and collect-w/ long processing of payment,,
KINGCOM TELECOM,203-773-779-000,Micro Pacific,6/2/05,JPS,Paid w/ 30days term but issued PDC for 60days term- unable to change date of check,,
"KMC MAG SOLUTIONS INC,/ APEX NET INC.",007-930-327-000,Micro Image,7/31/19,EPS,Group of Companies - Hard to collect even if amount is too small ; dependent on their clients payment,,
KOUBERT,009-523-926-000,Micro Image ,5/18/19,PCD,Issued bounced checks several times - DAIF.,,
KREZA,NOT IN FILE,MicroPhase,6/1/03,JOYCE,,,
L&M MAXCO,NOT IN FILE,MicroPhase,1/11/01,JGD,,,
LA CROESUS,001-523-383-000,Micro Pacific,9/12/04,EAO,Paid but hard to collect because of funding,,
LAKPUE DRUG ,000-184-498-040,Micro Pacific,9/12/04,EAO,Paid but hard to collect because of funding,,
LAN LOGIC COMPUTER SALES,173-118-472-000,MicroPhase,2/13/15,JGA,Returned Check - after giving 6 weeks extension from the date of PDC (03/18/15),,
LARES,NOT IN FILE,Micro Pacific,1/10/02,JLC,,,
LBC EXPRESSS,205-676-956-000,Micro Pacific,10/27/04,PFD,Paid but hard to collect,,
LEGASPI OIL,000-162-683-000,Micro Pacific,9/23/05,MVC,Paid but hard to collect,,
LIMESEN NETWORK SOLUTIONS INC,009-305-305-000,Micro Pacific,2/23/19,SDB,COD - Bounced due to DAIF (Drawn Against Insufficient Fund),,
LINAHEIM CORPORATE SERVICES INC.,000-127-991-000,Micro Pacific,3/1/06,CDH,Hard to follow up-long processing of payment-Not yet settle until now. First transaction.,,
LISP II LOCATORSASSOCIATIONINC - GROUP OF COMPANIES ( ICCP / ICCP VENTURES / PUEBLO DE ORO,218-433-751-000,Micro Pacific,4/10/19,JCN,30DAYS TERM - 112DAYS DUE - HARD TO COLLECT/ NO PROBLEMS ON DOCS,,
LIZARDBEAR TASKING INC,008-990-543-0000,Micro Pacific,6/30/16,CAD,"Small amount but hard to contact , no landline follow up thru email only but late reponse",,
LOCATOR ASSOCIATION,005-242-510-000,Micro Pacific,8/22/01,RGS,,,
LP ELECTRONIX,NOT IN FILE,MicroPhase,10/26/01,ETHEL,,,
LUZ VILLANUEVA,NOT IN FILE,Micro Pacific,12/13/01,PFD,,,
M2O COMMUNICATION INC,007-204-967-000,Micro Pacific,7/30/12,APC,Very hard to follow up & collect. / With demand letter sent from our lawyer,,
MALAYAN TOWAGE & SALVAGE CORPORATION,000-130-189-000,Micro Pacific,8/17/18,JGS/JCN,Bounced check TWICE due to DAIF,,
MANILA BROADCASTING CO.(MBC),NOT IN FILE,Micro Image,1/25/01,JCA,Paid but hard to collect,,
MANILA PENINSULA HOTEL INC.,000-170-847-000,Micro Pacific,5/2/24,AAA,Paid but hard to collect,,
MARKETLINK INTERNATIONAL,001-986-618-000,Micro Pacific,9/3/04,DVL,,,
MARSMAN DRYSDALE,204-595-997-000,Micro Pacific,11/13/20,JMB,HARD TO COLLECT DUE TO FUNDING - 107DAYS DUE,,
MAXICARE,NOT IN FILE,Micro Image,3/22/01,ATP,Paid but hard to collect,,
MAXIMUM SOLUTION,210-223-725-000,Micro Image,NONE,RTC,No overdue A/R but I heard MSI already filed a court case against them. ,,
MD DESIGN & FURNITURE,NOT IN FILE,MicroPhase,2/1/05,BENEDICT,HARD TO COLLECT,,
MEGA MAGAZINE ,NOT IN FILE,MicroPhase,5/26/01,JOSEPH,,,
"MEGACOMPUTER TECH.SPECIALIST,INC.",NOT IN FILE,Micro Image,1/8/02,KPB,,,
MEGAHERTZ,NOT IN FILE,MicroPhase,11/9/01,ARLEE,,,
MERCK,000-163-943-000,Micro Pacific,2/28/01,ENGR,,,
MERLINS,NOT IN FILE,MicroPhase,6/1/04,JAY,,,
MF CABUSLAY ENTERPRISE-JOSE DE PAULA,147-814-410-000,Micro Image,5/27/03,CCC,cleared,,
MIASCOR HANDLING,000-307-370-000,Micro Pacific,7/30/01,RRL,,,
MICRO RAM,NOT IN FILE,Micro Pacific,12/7/99,RRL,,,
MICRO-D INTL,NOT IN FILE,Micro Pacific,9/4/01,RRL,,,
MICROPOWER,906-353-150-000,MicroPhase,3/15/05,NINA,Hard to collect,,
MISIBIS RESORT AND HOTEL MANAGEMENT INC,005-435-100-000,Micro Pacific,4/14/21,SBE,Long processing of payment and hard to collect - sister company of SUNWEST Construction,,
MOTIVATION ASIA,NOT IN FILE,Micro Pacific,9/20/01,PFD,,,
MSET,NOT IN FILE,Micro Image,4/28/03,ERB,,,
MTECH.COM,NOT IN FILE,Micro Image,6/27/02,RDC,,,
N-ABLER,NOT IN FILE,Micro Image,1/25/02,RGL,,,
NANCY DIOLA,NOT IN FILE,Micro Pacific,11/27/00,RRL,,,
NEDA,001-002-429,Micro Pacific,8/29/01,RGS,,,
NEGROS NAVIGATION,000-199-315-000,Micro Image,6/5/06, KCS ,,,
NETHERLAND ,NOT IN FILE,MicroPhase,8/27/01,JOJIT,,,
NETHERLAND INSURANCE,NOT IN FILE,Micro Pacific,10/18/01,RGS,,,
NETWEB,238-012-232-000,MicroPhase,6/30/09,JOYCE,Bounced Check. Still for Collection,,
NEW COAST HOTEL INC,220-609-558-000,Micro Pacific,7/8/21,IDR,Very hard to follow up & collect.,,
NEW FIELDS (ASIA PACIFIC) INC.,006-641-552-000,Micro Image,3/23/11,RPJ,WITH PDC ALREADY ; FOREIGN OWNED ; COMPLEX ORG. FOREIGNER ALWAYS OUT OF THE COUNTRY,,
NEXT MOBILE PHILS.,043-001-778-378,Micro Image,1/29/07,MBA,Good payor for previous transactions but lately experiencing tight cash flow as they did put up a call center ,,
NEXTEL COMMUNICATION,NOT IN FILE,Micro Image,12/1/00,LAA,,,
"NIKKOSHI ELECTRONICS PHILIPPINES, INC. FRMLY: KISHO SAKATA ELECTRONICS (P) INCORPORATED",004-515-840-000,Micro Pacific,5/3/21,JRD,for closure anytime this month /year -05/03/2021,,
NORDIC HEELS,008-643-047-000,Micro Pacific,3/12/21,IDR/MCJ,Hard to Collect / Problem of Funding due to Pandemic,,
NOVELIS SOLUTIONS INC,006-355-455-000,Micro Pacific,2/23/21,SBE,Very hard to follow up & collec - sister company of Actimed,,
OMNI ORIENT ,000-887-689-000,Micro Image,7/5/05,JMD,Very hard to collect,,
ORCHID TRADING INC,217-807-702-000,Micro Pacific,7/20/05,JPS,30 DAYS TERM-OVERDUE FOR 70 DAYS. PAID BUT HARD TO COLLECT,,
ORIENT CAPITAL VENTURES INC.,242-113-770-000,Micro Pacific,2/3/21,APC,for closure anytime this month /year -06/02/2021,,
ORIENT FREIGHT,NOT IN FILE,MicroPhase,11/20/01,JOJIT,,,
P3OPLE4U,008-108-607-000,Micro Pacific,9/26/12,JVP,HARD TO COLLECT,,
PACIFIC TOWER PLAZA,NOT IN FILE,Micro Image,12/21/01,CMN,Paid but hard to collect,,
"PANCAKE HOUSE, INC.",205-357-210-000,Micro Image,12/10/10,JMS,HARD TO COLLECT,,
"PEPSI COLA PRODUCT PHILIPPINES, INC.",000-168-541-000,Micro Pacific,5/18/06,JCB,Paid but hard to collect and follow up,,
PET PLANS,002-683-476,Micro Pacific,1/17/02,RCA,,,
PHIL JOURNALIST,NOT IN FILE,MicroPhase,12/1/04,RIZA,,,
PHIL. BANK COM,NOT IN FILE,Micro Pacific,11/20/01,PFP,,,
PHIL. CHARITY,NOT IN FILE,Micro Pacific,12/5/01,RRL,,,
PHIL. PHOSPHATE,000-488-010-000,Micro Pacific,10/28/04,RGP,PAID BUT HARD TO COLLECT,,
"PHIL.NORMAL UNIV.,",NOT IN FILE,Micro Image,11/15/01,CMN,,,
PHPC,000-197-459-000,Micro Pacific,11/18/04,EEC,PAID BUT HARD TO COLLECT,,
PID CONTROLLERS & CONTRACTORS CORPORATION,000-166-914-000,Micro Pacific,2/8/12,RRL,NOT YET PAID PROBLEM ON FUNDS OVERDUE FOR 85 DAYS,,
PLATINUM PLANS,000-512-613-000,Micro Image,2/28/03,AZC,,,
PLUG THEM PLAY(ALEX DIOMAMPO),NOT IN FILE,Micro Image,7/26/01,EMD,,,
POLARIS TELECOM,NOT IN FILE,Micro Pacific,7/2/01,KRB,,,
PRAISE INC,000-367-808,Micro Pacific,9/21/06,check,Collected but hard to collect-issued PDC-sister company of Sysu,,
PRESIDENTIAL MNGMT,NOT IN FILE,Micro Pacific,10/15/01,SCV,,,
PRICON,000-283-090-000,Micro Pacific,1/22/02,RMV,,,
PRIMANILA,000-589-260,Micro Pacific,5/20/05,BAD,NO FUNDS RETURNED CHECK,,
PRIMESTATE VENTURES INC.,243-451-231-000,MicroPhase,3/4/10,CORA,No funds.,,
PRIVATE SECTOR DISASTER MANAGEMENT NETWORK,006-817-213-000,Micro Pacific,2/18/15,JAV,COD - CHECK - INSUFFICIENT FUND  -  wait for replacement,,
"PROPLE BPO INC. (Formerly: SUMMERSAULT, INC.)",228-412-739-000,Micro Pacific,10/26/07,MML,7 days terms but collected only 1/4/08.Paid but hard to collect because of funding,,
PT & T,NOT IN FILE,Micro Image,2/19/02,AFS,,,
PUEBLO DE ORO DEVELOPMENT CORPORATION - GROUP OF COMPANIES ( ICCP / ICCP VENTURES / PUEBLO DE ORO,004-668-888-000,Micro Pacific,5/10/19,JCN,30DAYS TERM - 55DAYS DUE - HARD TO COLLECT / STAGGERED PAYMENT,,
PUYAT STEEL,NOT IN FILE,MicroPhase,1/10/02,JANE,,,
Q INTERACTION,NOT IN FILE,MicroPhase,3/1/03,HYDEE,,,
QFI DISCOM,006-666-334,Micro Pacific,11/20/14,JAV,INSUFFICIENT FUND due to lack of fund ( client forgot to fund their bank account ),,
QUEZON POWER -COVANTA ,005-008-421,Micro Pacific,4/27/05,RVL,Pay but hard to follow-pending to accntg,,
RADIO PHILS.,000-726-090,Micro Pacific,11/7/01,EDJ,,,
RADIO-GMA,000-917-657-000,Micro Image,2/27/03,DGD,Paid but hard to collect,,
RAPU-RAPU,204-690-726-000,MicroPhase,8/31/06,RIZA,Hard to Collect,,
RAQUEL MERCEDES DUMATOL ULARTE,233-343-697-000,Micro Image,6/9/06,RMN,Habitual issuance of Bouncing Checks (DAIF and Closed Account),,
RCBC,050-004-671-972,Micro Pacific,7/3/01,RMV,,,
REDOBLE DEV'T.,NOT IN FILE,Micro Pacific,8/22/01,SCV,,,
RELATION HOUSE,281-899-713,MicroPhase,3/31/18,JESSA,"Closed Company. Remaining amount P22,600. Owner is paying personally and threatens not to pay if we keep on harrassing her",,
RFM CORPORATION,000-064-134-000,Micro Pacific,12/23/04,RSG,,,
ROASTERS PHILS. INC,003-941-077-000,Micro Pacific,10/28/04,CDH,,,
RODZON MARKETING,000-303-150,Micro Pacific,9/11/06,EEC,w/ 30days term only but issued PDC 81days to 88days aging,,
ROSTER ENTERPRISES,044-107-324-277,Micro Image,11/22/05, HPM ,His client did not pay him and his capitalization is small but he is still trying to pay off his overdue AR in installments.,,
ROXACO LAND CORPORATION,000-495-726-001,Micro Pacific,07/26/2023,JMB,Hard to collect,,
ROYAL CARGO,200-342-283-000,MicroPhase,09/31/05,JIMMY,Don’t want to pay the item claiming it was stolen by the person who picked up the unit who have gone on leave.,,
RPN 9,NOT IN FILE,Micro Image,11/21/00,ACC,Paid but hard to collect,,
SCANLIVINGSTON,209-865-124-000,MicroPhase,2/1/05,CORA,,,
SCHEIRMAN CONSTRUCTION CONSOLIDATED INC.,009-362-692-000,Micro Pacific,6/27/24,ELC,"Hard to follow but with advance payment from their undelivered order,  no confirmation to offset with their previous payment",,
SCHERING PLOUGH,000-108-412-000,Micro Pacific,5/31/05,VDL,Hard to collect because of long processing for payment,,
SCOTT HYRUM TECHNOLOGIES INT'L.CO.,008-270-551-000,Micro Image,4/30/13,JSM,PAID PARTIALLY ; NO FUNDS. AFTER FOR THEIR CLIENTS PAYMENT ,,
SELECTA WALLS,NOT IN FILE,Micro Pacific,10/19/01,RCA,,,
SFI MULTIMIX CORPORATION,007-509-911-000,Micro Pacific,8/9/19,MCJ,Very hard to transact with IT / Processing of docs at Provincial branch ( Pampanga ) then forwarded to Ortigas branch for check release. Check release depend when the Provincial branch forwarded the document/s,,
SHOGUN SHIPS CO INC,222-363-537-000,Micro Pacific,2/20/19,LBM,PENDING PAYMENT DUE TO FUNDING - (Payment will be based on their compamy loan),,
"SITEL PHILIPPINES CORPORATION (FORMERLY:CLIENTLOGIC  PHILIPPINES,  INC.) ",208-780-708-000,Micro Pacific,11/21/11,PJP,NOT YET PAID - HARD TO COLLECT- TERMS 30 DAYS - OVERDUE 130 DAYS,,
SKI CONSTRUCTION,000-142-787-000,MicroPhase,2/1/11,Marilyn,Hard to collect,,
SKYLAND BROKERAGE,000-345-128-000,Micro Pacific,3/1/05,ENGG,Hard to collect,,
SMART PROS,NOT IN FILE,MicroPhase,6/1/04,JOYCE,,,
SOFTWARE WIZARD,NOT IN FILE,MicroPhase,3/29/00,DETTE,,,
SOLAR PHILIPPINES (Group of Companies),008-675-819-000,Micro Pacific,1/4/19,SBE,PENDING PAYMENT DUE TO FUNDING / BUDGETTING,,
SOLID NORTH MINERAL CORPORATION,004-733-963-000,Micro Pacific,2/11/21,APC,78days due - Hard to collect,,
SOLUTIONS TRADING (STSI),NOT IN FILE,MicroPhase,5/1/02,NOEL,,,
SOUTHWEST APP,NOT IN FILE,Thru WSI,11/21/08,NA,Big time Swindler,,
SPATIAL DESIGN,NOT IN FILE,MicroPhase ,10/23/06,BEL,Ths is a clear case of a swindler account. The contact person impersonate an employee of the company and have ask to deliver the items in a different place not in the company.,,
SPORTS ACTION,NOT IN FILE,Micro Image,7/1/03,RFP,,,
SQL WIZARD,NOT IN FILE,MicroPhase,5/1/03,JOE,,,
STANDARD CHARTERED,000-501-304-000,MicroPhase,12/1/04,JOCELYN,,,
STERLING PAPER PRODUCTS ENTERPRISE INC.,000-233-514-000,MicroPhase,3/10/10,RAQUEL,No funds.,,
STRADCOM,NOT IN FILE,Micro Image,4/28/03,RZC,Paid but hard to collect,,
SULO HOTEL,000-395-127-000,Micro Pacific,3/27/06,DRA,Hard to follow up-with problem on funding,,
SUMISETSU PHILS INC,000-169-334-000,Micro Pacific,6/4/21,RAO,LONG PROCESS OF PAYMENT - 88DAYS DUE,,
SUN CRUISES,000-822-304-000,Micro Image,2/5/20,CMN,"AAB saw on TV client will close company; client said they will pay but instructed CMN to pull-out the printer worth P7,550.03",,
SUN TRIPS INT'L AND TRAVEL TOURS,006-965-289-000,MicroPhase,6/30/06,NOEL,History of Bouncing Check,,
SUNRIDER PHILIPPINES INC,005-009-133-001,Micro Pacific,6/26/18,AAA,Bounced check - DAUD (Drawn against Uncleared Deposit ),,
SUNSHINE COMMODITIES,100-191-773-000,Micro Pacific,3/18/05,MML,HARD TO FOLLOW UP/ISSUE PDC,,
SUNWEST CONSTRUCTION AND DEVELOPMENT CORP,005-713-538-000,Micro Pacific,3/19/21,SBE,Long processing of payment and hard to collect,,
SYNDICATED ARCHITECTS,227-972-958-000,MicroPhase,5/31/10,THESS,Bounced Check. Will pay on July with interest.,,
SYNERMAXX,232-729-008-000,Micro Image,6/18/07,MBA,Hard to collect,,
SYSOFT,NOT IN FILE,Micro Image,2/8/02,ENG,,,
SYSTEM ACCESS,NOT IN FILE,Micro Pacific,10/16/01,CAC,,,
TEL TRADE COMMUNICATION & DEVELOPMENT INC.,001-588-268-000,Micro Pacific,5/29/05,DRA,Hard to collect because of fund,,
TELE EXPERT SYSTEM SOLUTION INC.,008-734 628-000,Micro Pacific,6/17/2022,AAA,Bounced due to DAIF (Drawn Against Insufficient Fund),,
"TERIYAKI BOY GROUP, INC.",241-437-266-000,Micro Image,12/9/10,JMS,HARD TO COLLECT,,
TESS GECOMO,NOT IN FILE,Micro Pacific,7/17/01,TMG,,,
THAMES INTERNATIONAL BUSINESS SCHOOL,207-611-383-000,Micro Pacific,2/20/06,MVC,Very hard to follow up-No payment until now,,
THE CITY CLUB AT ALPHALAND MAKATI PLACE INC,006-739-617-000,Micro Pacific,12/28/13,JRC,Group of Companies - Hard to collect due to funding of payment schedule,,
THE EASTWOOD LA GRAND II CONDOMINUM ASSOCIATION INC,008-486-606-000,Micro Pacific,11/26/13,BAA,First Oceanic Group of Companies - Hard to collect due to long processing,,
THREE FIVE SYSTEM,NOT IN FILE,MicroPhase,10/19/01,ARLEE,,,
TIM LAVIN,NOT IN FILE,MicroPhase,5/1/04,GHERALYN,,,
TIMEZONE,NOT IN FILE,Micro Pacific,12/10/01,EVO,,,
TNT EXPRESS DELIVERIES (PHILS) INC,004-657-006-000,Micro Pacific,2/11/19,JPL,PAID BUT HARD TO COLLECT,,
TOLMAN MANUFACTURING INC.,NOT IN FILE,MicroPhase,2/28/10,RAINIER,"CHECK BOUNCED AFTER REQUESTING DEFERMENT OF DEPOSIT, CHECK STILL NOT YET REPLACED UP TO THIS MOMENT, THEIR LAST PROMISE IS TO REPLACE IT BY MARCH 15.",,
TOWNSQUARE DEVELOPMENT,244-487-297-000,Micro Pacific,2/7/12,MMG,HARD TO COLLECT,,
TRADESHOP,032-139-566-789,Micro Image,6/12/03,AER,,,
TREDS AGENCY,NOT IN FILE,MicroPhase,3/1/03,JOE,,,
TSD GLOBAL INC.,277-638-613-000,Micro Pacific,12/15/10,MDP,PAID BUT BOUNCED CHECK 3 TIMES,,
TUV-SUD PHILS. INC,231-580-947-000,Micro Image,9/7/06,JVG,Used to be a valued client but lately their cash flow is tight….They paid partially last Jan. 19'07,,
TVI RESOURCE DEVELOPMENT PHILS.INC,003-881-192-00000,Micro Pacific,5/25/23,RGB,HARD TO COLLECT,,
ULTRA MERCHANDISING INC.,238-628-249-000,Micro Image,12/8/05, HPM ,Not enough money to pay us ---- long que of priority suppliers --- Forseen as future delinquent account,,
UNITECH PULP,NOT IN FILE,Micro Pacific,1/16/02,VDL,,,
UNIVERSAL VALUE & REWARDS SOLUTIONS,239-460-996-000,Micro Image,2/20/02,OLP,Initially a good payer. Pays COD then 15 days then PDC checks. Had requested for re-deposit of their PDC checks.,,
UNIVERSITY OF PERPETUAL,NOT IN FILE,Micro Image,12/4/00,LAA,,,
UP LOS BANOS,NOT IN FILE,Micro Pacific,11/29/01,ABZ,,,
UPS DELBROS / UNITED PARCEL SERVICE,200-146-472-000,Micro Pacific,6/16/05,MML,Paid but hard to collect-no transaction that documents lost and never pending to purchasing to process,,
VERTEX SOLUTION,211-451-592-000,Micro Pacific,10/19/04,PFD,Paid but hard to collect,,
VIVA PRODUCTION,000-393-455-000,Micro Pacific,8/24/05,EEC,Paid but hard to collect,,
VND TRADING,149-348-167-000,Micro Image,6/28/13,LDD,PAID OVERDUE A/R WITH IPAD4 128GB WIFI - WD MBN CUSTODY,,
WEST SAMAR,NOT IN FILE,Micro Image,2/11/03,JVG,,,
WINSOURCE SOLUTIONS,239-776-562-000,Micro Image,12/10/07,ANA,Small amount but hard to collect even if items purchased are toners only,,
WIRELESS TECHNICAL,009-293-754-000,Micro Pacific,10/25/04,CDH,Paid but hard to collect because of funding,,
WORLD PARTNERS BANK,005-749-419,MicroPhase,6/22/17,MARY,Close Company forced by Central Bank,,
WORLD WIDE WEB,NOT IN FILE,Micro Pacific,1/14/02,KRB,,,
ZEST AIRWAYS (FORMERLY : ASIAN SPIRIT INC.),005-059-838-002,Micro Pacific,10/12/09,EAG,Very hard to follow up & collect.,,